image,label_name
37,senne
39,senne;youssef;akif
40,florian;alper;akif;senne
43,raul
45,raul
51,bart;konrad
58,bart;nelli
62,konrad
66,bart;florian
78,alper
103,senne
125,raul
139,youssef
160,raul;raul;akif
161,senne
166,akif
168,konrad
174,bart
179,alper;akif
182,senne;youssef;akif;alper
194,alper;seppe
221,daiane
226,senne
233,akif;akif;senne
245,daiane;florian
246,senne;raul;raul;raul;akif
255,florian;senne;nelli
262,senne;youssef;raul
268,raul
275,raul;bart
282,raul;akif
316,raul
344,bart;senne;senne
377,akif;senne;akif
381,senne;senne;seppe;akif
398,michiel;raul;youssef
416,senne
418,nelli;bart
420,matthias;daiane
423,akif;alper
427,nothing
435,alper
443,florian
444,senne
448,raul
450,alper
452,senne;akif;raul;raul;michiel
454,senne;raul;matthias;akif
472,akif;florian;matthias
481,bart
513,nothing
521,lasse;senne;akif;youssef
540,raul;bart;florian
551,nelli;daiane
584,nelli;bart
589,konrad
590,lasse
592,michiel
594,akif;bart
596,nelli
599,florian
603,akif;seppe;bart;youssef
605,nelli;seppe
612,youssef;raul
614,seppe
615,akif;senne
621,bart;daiane
624,akif;akif;alper
629,akif
638,akif;akif;akif
641,florian
646,raul;alper
648,senne
664,matthias;florian
668,alper;raul;akif
669,senne;raul;alper;bart;youssef
675,nelli;alper
676,alper;matthias;youssef
679,senne;raul
698,bart;akif
754,florian;raul;raul
757,nelli;florian
763,raul
764,daiane
765,nothing
766,senne
770,florian;senne
772,senne
779,daiane;akif;raul;raul
786,daiane;konrad
790,konrad
792,akif
794,alper
799,nothing
805,senne
808,lasse
818,matthias;florian
822,youssef;raul;alper
825,florian
